--
-- PostgreSQL database dump
--

-- Dumped from database version 17.4
-- Dumped by pg_dump version 17.4

-- Started on 2025-05-10 22:35:31

SET statement_timeout = 0;
SET lock_timeout = 0;
SET idle_in_transaction_session_timeout = 0;
SET transaction_timeout = 0;
SET client_encoding = 'UTF8';
SET standard_conforming_strings = on;
SELECT pg_catalog.set_config('search_path', '', false);
SET check_function_bodies = false;
SET xmloption = content;
SET client_min_messages = warning;
SET row_security = off;

--
-- TOC entry 5 (class 2615 OID 2200)
-- Name: public; Type: SCHEMA; Schema: -; Owner: budgetbooss
--

-- *not* creating schema, since initdb creates it


ALTER SCHEMA public OWNER TO budgetbooss;

SET default_tablespace = '';

SET default_table_access_method = heap;

--
-- TOC entry 224 (class 1259 OID 24600)
-- Name: auth_group; Type: TABLE; Schema: public; Owner: budgetbooss
--

CREATE TABLE public.auth_group (
    id integer NOT NULL,
    name character varying(150) NOT NULL
);


ALTER TABLE public.auth_group OWNER TO budgetbooss;

--
-- TOC entry 223 (class 1259 OID 24599)
-- Name: auth_group_id_seq; Type: SEQUENCE; Schema: public; Owner: budgetbooss
--

ALTER TABLE public.auth_group ALTER COLUMN id ADD GENERATED BY DEFAULT AS IDENTITY (
    SEQUENCE NAME public.auth_group_id_seq
    START WITH 1
    INCREMENT BY 1
    NO MINVALUE
    NO MAXVALUE
    CACHE 1
);


--
-- TOC entry 226 (class 1259 OID 24608)
-- Name: auth_group_permissions; Type: TABLE; Schema: public; Owner: budgetbooss
--

CREATE TABLE public.auth_group_permissions (
    id bigint NOT NULL,
    group_id integer NOT NULL,
    permission_id integer NOT NULL
);


ALTER TABLE public.auth_group_permissions OWNER TO budgetbooss;

--
-- TOC entry 225 (class 1259 OID 24607)
-- Name: auth_group_permissions_id_seq; Type: SEQUENCE; Schema: public; Owner: budgetbooss
--

ALTER TABLE public.auth_group_permissions ALTER COLUMN id ADD GENERATED BY DEFAULT AS IDENTITY (
    SEQUENCE NAME public.auth_group_permissions_id_seq
    START WITH 1
    INCREMENT BY 1
    NO MINVALUE
    NO MAXVALUE
    CACHE 1
);


--
-- TOC entry 222 (class 1259 OID 24594)
-- Name: auth_permission; Type: TABLE; Schema: public; Owner: budgetbooss
--

CREATE TABLE public.auth_permission (
    id integer NOT NULL,
    name character varying(255) NOT NULL,
    content_type_id integer NOT NULL,
    codename character varying(100) NOT NULL
);


ALTER TABLE public.auth_permission OWNER TO budgetbooss;

--
-- TOC entry 221 (class 1259 OID 24593)
-- Name: auth_permission_id_seq; Type: SEQUENCE; Schema: public; Owner: budgetbooss
--

ALTER TABLE public.auth_permission ALTER COLUMN id ADD GENERATED BY DEFAULT AS IDENTITY (
    SEQUENCE NAME public.auth_permission_id_seq
    START WITH 1
    INCREMENT BY 1
    NO MINVALUE
    NO MAXVALUE
    CACHE 1
);


--
-- TOC entry 228 (class 1259 OID 24614)
-- Name: auth_user; Type: TABLE; Schema: public; Owner: budgetbooss
--

CREATE TABLE public.auth_user (
    id integer NOT NULL,
    password character varying(128) NOT NULL,
    last_login timestamp with time zone,
    is_superuser boolean NOT NULL,
    username character varying(150) NOT NULL,
    first_name character varying(150) NOT NULL,
    last_name character varying(150) NOT NULL,
    email character varying(254) NOT NULL,
    is_staff boolean NOT NULL,
    is_active boolean NOT NULL,
    date_joined timestamp with time zone NOT NULL
);


ALTER TABLE public.auth_user OWNER TO budgetbooss;

--
-- TOC entry 230 (class 1259 OID 24622)
-- Name: auth_user_groups; Type: TABLE; Schema: public; Owner: budgetbooss
--

CREATE TABLE public.auth_user_groups (
    id bigint NOT NULL,
    user_id integer NOT NULL,
    group_id integer NOT NULL
);


ALTER TABLE public.auth_user_groups OWNER TO budgetbooss;

--
-- TOC entry 229 (class 1259 OID 24621)
-- Name: auth_user_groups_id_seq; Type: SEQUENCE; Schema: public; Owner: budgetbooss
--

ALTER TABLE public.auth_user_groups ALTER COLUMN id ADD GENERATED BY DEFAULT AS IDENTITY (
    SEQUENCE NAME public.auth_user_groups_id_seq
    START WITH 1
    INCREMENT BY 1
    NO MINVALUE
    NO MAXVALUE
    CACHE 1
);


--
-- TOC entry 227 (class 1259 OID 24613)
-- Name: auth_user_id_seq; Type: SEQUENCE; Schema: public; Owner: budgetbooss
--

ALTER TABLE public.auth_user ALTER COLUMN id ADD GENERATED BY DEFAULT AS IDENTITY (
    SEQUENCE NAME public.auth_user_id_seq
    START WITH 1
    INCREMENT BY 1
    NO MINVALUE
    NO MAXVALUE
    CACHE 1
);


--
-- TOC entry 232 (class 1259 OID 24628)
-- Name: auth_user_user_permissions; Type: TABLE; Schema: public; Owner: budgetbooss
--

CREATE TABLE public.auth_user_user_permissions (
    id bigint NOT NULL,
    user_id integer NOT NULL,
    permission_id integer NOT NULL
);


ALTER TABLE public.auth_user_user_permissions OWNER TO budgetbooss;

--
-- TOC entry 231 (class 1259 OID 24627)
-- Name: auth_user_user_permissions_id_seq; Type: SEQUENCE; Schema: public; Owner: budgetbooss
--

ALTER TABLE public.auth_user_user_permissions ALTER COLUMN id ADD GENERATED BY DEFAULT AS IDENTITY (
    SEQUENCE NAME public.auth_user_user_permissions_id_seq
    START WITH 1
    INCREMENT BY 1
    NO MINVALUE
    NO MAXVALUE
    CACHE 1
);


--
-- TOC entry 234 (class 1259 OID 24686)
-- Name: django_admin_log; Type: TABLE; Schema: public; Owner: budgetbooss
--

CREATE TABLE public.django_admin_log (
    id integer NOT NULL,
    action_time timestamp with time zone NOT NULL,
    object_id text,
    object_repr character varying(200) NOT NULL,
    action_flag smallint NOT NULL,
    change_message text NOT NULL,
    content_type_id integer,
    user_id integer NOT NULL,
    CONSTRAINT django_admin_log_action_flag_check CHECK ((action_flag >= 0))
);


ALTER TABLE public.django_admin_log OWNER TO budgetbooss;

--
-- TOC entry 233 (class 1259 OID 24685)
-- Name: django_admin_log_id_seq; Type: SEQUENCE; Schema: public; Owner: budgetbooss
--

ALTER TABLE public.django_admin_log ALTER COLUMN id ADD GENERATED BY DEFAULT AS IDENTITY (
    SEQUENCE NAME public.django_admin_log_id_seq
    START WITH 1
    INCREMENT BY 1
    NO MINVALUE
    NO MAXVALUE
    CACHE 1
);


--
-- TOC entry 220 (class 1259 OID 24586)
-- Name: django_content_type; Type: TABLE; Schema: public; Owner: budgetbooss
--

CREATE TABLE public.django_content_type (
    id integer NOT NULL,
    app_label character varying(100) NOT NULL,
    model character varying(100) NOT NULL
);


ALTER TABLE public.django_content_type OWNER TO budgetbooss;

--
-- TOC entry 219 (class 1259 OID 24585)
-- Name: django_content_type_id_seq; Type: SEQUENCE; Schema: public; Owner: budgetbooss
--

ALTER TABLE public.django_content_type ALTER COLUMN id ADD GENERATED BY DEFAULT AS IDENTITY (
    SEQUENCE NAME public.django_content_type_id_seq
    START WITH 1
    INCREMENT BY 1
    NO MINVALUE
    NO MAXVALUE
    CACHE 1
);


--
-- TOC entry 218 (class 1259 OID 24578)
-- Name: django_migrations; Type: TABLE; Schema: public; Owner: budgetbooss
--

CREATE TABLE public.django_migrations (
    id bigint NOT NULL,
    app character varying(255) NOT NULL,
    name character varying(255) NOT NULL,
    applied timestamp with time zone NOT NULL
);


ALTER TABLE public.django_migrations OWNER TO budgetbooss;

--
-- TOC entry 217 (class 1259 OID 24577)
-- Name: django_migrations_id_seq; Type: SEQUENCE; Schema: public; Owner: budgetbooss
--

ALTER TABLE public.django_migrations ALTER COLUMN id ADD GENERATED BY DEFAULT AS IDENTITY (
    SEQUENCE NAME public.django_migrations_id_seq
    START WITH 1
    INCREMENT BY 1
    NO MINVALUE
    NO MAXVALUE
    CACHE 1
);


--
-- TOC entry 245 (class 1259 OID 24762)
-- Name: django_session; Type: TABLE; Schema: public; Owner: budgetbooss
--

CREATE TABLE public.django_session (
    session_key character varying(40) NOT NULL,
    session_data text NOT NULL,
    expire_date timestamp with time zone NOT NULL
);


ALTER TABLE public.django_session OWNER TO budgetbooss;

--
-- TOC entry 242 (class 1259 OID 24737)
-- Name: my_budget_expense; Type: TABLE; Schema: public; Owner: budgetbooss
--

CREATE TABLE public.my_budget_expense (
    id bigint NOT NULL,
    date date NOT NULL,
    amount numeric(12,2) NOT NULL,
    category_id bigint NOT NULL
);


ALTER TABLE public.my_budget_expense OWNER TO budgetbooss;

--
-- TOC entry 241 (class 1259 OID 24736)
-- Name: my_budget_expense_id_seq; Type: SEQUENCE; Schema: public; Owner: budgetbooss
--

ALTER TABLE public.my_budget_expense ALTER COLUMN id ADD GENERATED BY DEFAULT AS IDENTITY (
    SEQUENCE NAME public.my_budget_expense_id_seq
    START WITH 1
    INCREMENT BY 1
    NO MINVALUE
    NO MAXVALUE
    CACHE 1
);


--
-- TOC entry 236 (class 1259 OID 24715)
-- Name: my_budget_expensecategory; Type: TABLE; Schema: public; Owner: budgetbooss
--

CREATE TABLE public.my_budget_expensecategory (
    id bigint NOT NULL,
    name character varying(100) NOT NULL,
    created_at timestamp with time zone NOT NULL
);


ALTER TABLE public.my_budget_expensecategory OWNER TO budgetbooss;

--
-- TOC entry 235 (class 1259 OID 24714)
-- Name: my_budget_expensecategory_id_seq; Type: SEQUENCE; Schema: public; Owner: budgetbooss
--

ALTER TABLE public.my_budget_expensecategory ALTER COLUMN id ADD GENERATED BY DEFAULT AS IDENTITY (
    SEQUENCE NAME public.my_budget_expensecategory_id_seq
    START WITH 1
    INCREMENT BY 1
    NO MINVALUE
    NO MAXVALUE
    CACHE 1
);


--
-- TOC entry 244 (class 1259 OID 24743)
-- Name: my_budget_income; Type: TABLE; Schema: public; Owner: budgetbooss
--

CREATE TABLE public.my_budget_income (
    id bigint NOT NULL,
    date date NOT NULL,
    amount numeric(12,2) NOT NULL,
    category_id bigint NOT NULL
);


ALTER TABLE public.my_budget_income OWNER TO budgetbooss;

--
-- TOC entry 243 (class 1259 OID 24742)
-- Name: my_budget_income_id_seq; Type: SEQUENCE; Schema: public; Owner: budgetbooss
--

ALTER TABLE public.my_budget_income ALTER COLUMN id ADD GENERATED BY DEFAULT AS IDENTITY (
    SEQUENCE NAME public.my_budget_income_id_seq
    START WITH 1
    INCREMENT BY 1
    NO MINVALUE
    NO MAXVALUE
    CACHE 1
);


--
-- TOC entry 240 (class 1259 OID 24731)
-- Name: my_budget_summary; Type: TABLE; Schema: public; Owner: budgetbooss
--

CREATE TABLE public.my_budget_summary (
    id bigint NOT NULL,
    month integer NOT NULL,
    year integer NOT NULL,
    income numeric(10,2) NOT NULL,
    expense numeric(10,2) NOT NULL,
    balance numeric(10,2) NOT NULL,
    is_closed boolean NOT NULL,
    initial_balance numeric(10,2) NOT NULL
);


ALTER TABLE public.my_budget_summary OWNER TO budgetbooss;

--
-- TOC entry 239 (class 1259 OID 24730)
-- Name: my_budget_summary_id_seq; Type: SEQUENCE; Schema: public; Owner: budgetbooss
--

ALTER TABLE public.my_budget_summary ALTER COLUMN id ADD GENERATED BY DEFAULT AS IDENTITY (
    SEQUENCE NAME public.my_budget_summary_id_seq
    START WITH 1
    INCREMENT BY 1
    NO MINVALUE
    NO MAXVALUE
    CACHE 1
);


--
-- TOC entry 238 (class 1259 OID 24723)
-- Name: personal_budget; Type: TABLE; Schema: public; Owner: budgetbooss
--

CREATE TABLE public.personal_budget (
    id bigint NOT NULL,
    name character varying(100) NOT NULL,
    created_at timestamp with time zone NOT NULL
);


ALTER TABLE public.personal_budget OWNER TO budgetbooss;

--
-- TOC entry 237 (class 1259 OID 24722)
-- Name: personal_budget_id_seq; Type: SEQUENCE; Schema: public; Owner: budgetbooss
--

ALTER TABLE public.personal_budget ALTER COLUMN id ADD GENERATED BY DEFAULT AS IDENTITY (
    SEQUENCE NAME public.personal_budget_id_seq
    START WITH 1
    INCREMENT BY 1
    NO MINVALUE
    NO MAXVALUE
    CACHE 1
);


--
-- TOC entry 4933 (class 0 OID 24600)
-- Dependencies: 224
-- Data for Name: auth_group; Type: TABLE DATA; Schema: public; Owner: budgetbooss
--

COPY public.auth_group (id, name) FROM stdin;
\.


--
-- TOC entry 4935 (class 0 OID 24608)
-- Dependencies: 226
-- Data for Name: auth_group_permissions; Type: TABLE DATA; Schema: public; Owner: budgetbooss
--

COPY public.auth_group_permissions (id, group_id, permission_id) FROM stdin;
\.


--
-- TOC entry 4931 (class 0 OID 24594)
-- Dependencies: 222
-- Data for Name: auth_permission; Type: TABLE DATA; Schema: public; Owner: budgetbooss
--

COPY public.auth_permission (id, name, content_type_id, codename) FROM stdin;
1	Can add log entry	1	add_logentry
2	Can change log entry	1	change_logentry
3	Can delete log entry	1	delete_logentry
4	Can view log entry	1	view_logentry
5	Can add permission	2	add_permission
6	Can change permission	2	change_permission
7	Can delete permission	2	delete_permission
8	Can view permission	2	view_permission
9	Can add group	3	add_group
10	Can change group	3	change_group
11	Can delete group	3	delete_group
12	Can view group	3	view_group
13	Can add user	4	add_user
14	Can change user	4	change_user
15	Can delete user	4	delete_user
16	Can view user	4	view_user
17	Can add content type	5	add_contenttype
18	Can change content type	5	change_contenttype
19	Can delete content type	5	delete_contenttype
20	Can view content type	5	view_contenttype
21	Can add session	6	add_session
22	Can change session	6	change_session
23	Can delete session	6	delete_session
24	Can view session	6	view_session
25	Can add категория расхода	7	add_expensecategory
26	Can change категория расхода	7	change_expensecategory
27	Can delete категория расхода	7	delete_expensecategory
28	Can view категория расхода	7	view_expensecategory
29	Can add категория	8	add_incomecategory
30	Can change категория	8	change_incomecategory
31	Can delete категория	8	delete_incomecategory
32	Can view категория	8	view_incomecategory
33	Can add summary	9	add_summary
34	Can change summary	9	change_summary
35	Can delete summary	9	delete_summary
36	Can view summary	9	view_summary
37	Can add expense	10	add_expense
38	Can change expense	10	change_expense
39	Can delete expense	10	delete_expense
40	Can view expense	10	view_expense
41	Can add income	11	add_income
42	Can change income	11	change_income
43	Can delete income	11	delete_income
44	Can view income	11	view_income
\.


--
-- TOC entry 4937 (class 0 OID 24614)
-- Dependencies: 228
-- Data for Name: auth_user; Type: TABLE DATA; Schema: public; Owner: budgetbooss
--

COPY public.auth_user (id, password, last_login, is_superuser, username, first_name, last_name, email, is_staff, is_active, date_joined) FROM stdin;
1	pbkdf2_sha256$1000000$VNvEfuzTNoOE0J2oPc8liW$mkuonxlEwhGTJzomRC7js2xf8Q9cTdnI4jfqIEb0/kY=	2025-05-04 19:20:19.214908+03	t	budgetbooss				t	t	2025-04-20 13:56:56.819465+03
\.


--
-- TOC entry 4939 (class 0 OID 24622)
-- Dependencies: 230
-- Data for Name: auth_user_groups; Type: TABLE DATA; Schema: public; Owner: budgetbooss
--

COPY public.auth_user_groups (id, user_id, group_id) FROM stdin;
\.


--
-- TOC entry 4941 (class 0 OID 24628)
-- Dependencies: 232
-- Data for Name: auth_user_user_permissions; Type: TABLE DATA; Schema: public; Owner: budgetbooss
--

COPY public.auth_user_user_permissions (id, user_id, permission_id) FROM stdin;
\.


--
-- TOC entry 4943 (class 0 OID 24686)
-- Dependencies: 234
-- Data for Name: django_admin_log; Type: TABLE DATA; Schema: public; Owner: budgetbooss
--

COPY public.django_admin_log (id, action_time, object_id, object_repr, action_flag, change_message, content_type_id, user_id) FROM stdin;
1	2025-05-10 11:26:44.247455+03	5	Расход: 360.00 Р - Овощи на 2025-05-03	3		10	1
2	2025-05-10 11:27:29.204335+03	3	Овощи	3		7	1
3	2025-05-10 12:07:44.797819+03	3	Итоги за 1/2025: Доход 0.03 Р, Расход 0.01 Р, Баланс 0.00 Р	1	[{"added": {}}]	9	1
4	2025-05-10 15:13:08.055624+03	4	Итоги за 3/2023: Доход 700.00 Р, Расход 200.00 Р, Баланс 500.00 Р	1	[{"added": {}}]	9	1
5	2025-05-10 16:35:48.092284+03	5	Итоги за 3/2025: Доход 1000.00 Р, Расход 400.00 Р, Баланс 600.00 Р	1	[{"added": {}}]	9	1
6	2025-05-10 16:36:23.503644+03	6	Итоги за 2/2025: Доход 1000.00 Р, Расход 200.00 Р, Баланс 800.00 Р	1	[{"added": {}}]	9	1
\.


--
-- TOC entry 4929 (class 0 OID 24586)
-- Dependencies: 220
-- Data for Name: django_content_type; Type: TABLE DATA; Schema: public; Owner: budgetbooss
--

COPY public.django_content_type (id, app_label, model) FROM stdin;
1	admin	logentry
2	auth	permission
3	auth	group
4	auth	user
5	contenttypes	contenttype
6	sessions	session
7	my_budget	expensecategory
8	my_budget	incomecategory
9	my_budget	summary
10	my_budget	expense
11	my_budget	income
\.


--
-- TOC entry 4927 (class 0 OID 24578)
-- Dependencies: 218
-- Data for Name: django_migrations; Type: TABLE DATA; Schema: public; Owner: budgetbooss
--

COPY public.django_migrations (id, app, name, applied) FROM stdin;
1	contenttypes	0001_initial	2025-04-20 13:41:11.976607+03
2	auth	0001_initial	2025-04-20 13:41:12.072693+03
3	admin	0001_initial	2025-04-20 13:41:12.111728+03
4	admin	0002_logentry_remove_auto_add	2025-04-20 13:41:12.118735+03
5	admin	0003_logentry_add_action_flag_choices	2025-04-20 13:41:12.125741+03
6	contenttypes	0002_remove_content_type_name	2025-04-20 13:41:12.139754+03
7	auth	0002_alter_permission_name_max_length	2025-04-20 13:41:12.152765+03
8	auth	0003_alter_user_email_max_length	2025-04-20 13:41:12.160775+03
9	auth	0004_alter_user_username_opts	2025-04-20 13:41:12.166779+03
10	auth	0005_alter_user_last_login_null	2025-04-20 13:41:12.172784+03
11	auth	0006_require_contenttypes_0002	2025-04-20 13:41:12.173785+03
12	auth	0007_alter_validators_add_error_messages	2025-04-20 13:41:12.178789+03
13	auth	0008_alter_user_username_max_length	2025-04-20 13:41:12.188799+03
14	auth	0009_alter_user_last_name_max_length	2025-04-20 13:41:12.195805+03
15	auth	0010_alter_group_name_max_length	2025-04-20 13:41:12.203812+03
16	auth	0011_update_proxy_permissions	2025-04-20 13:41:12.209817+03
17	auth	0012_alter_user_first_name_max_length	2025-04-20 13:41:12.215823+03
18	my_budget	0001_initial	2025-04-20 13:41:12.267871+03
19	sessions	0001_initial	2025-04-20 13:41:12.276878+03
20	my_budget	0002_summary_is_closed_alter_expense_amount_and_more	2025-05-02 23:56:14.637052+03
21	my_budget	0003_alter_expense_amount_alter_expense_category_and_more	2025-05-03 03:09:54.349307+03
22	my_budget	0004_alter_expense_options_alter_expensecategory_options_and_more	2025-05-03 03:57:49.541889+03
23	my_budget	0005_alter_expensecategory_name_alter_incomecategory_name	2025-05-03 14:32:28.824685+03
24	my_budget	0006_recalculate_summaries	2025-05-03 17:46:34.776351+03
25	my_budget	0007_summary_initial_balance	2025-05-03 18:20:29.124621+03
26	my_budget	0008_expensecategory_created_at_incomecategory_created_at	2025-05-04 21:29:27.502315+03
27	my_budget	0009_alter_summary_options	2025-05-04 22:51:40.88351+03
28	my_budget	0010_alter_summary_options	2025-05-05 00:28:49.708311+03
\.


--
-- TOC entry 4954 (class 0 OID 24762)
-- Dependencies: 245
-- Data for Name: django_session; Type: TABLE DATA; Schema: public; Owner: budgetbooss
--

COPY public.django_session (session_key, session_data, expire_date) FROM stdin;
aue2i0bdkp00ixc62kzkge5p0k0odpzj	.eJxVjEEOwiAQRe_C2hAoMIMu3fcMZGBQqgaS0q6Md7dNutDtf-_9twi0LiWsPc9hYnERWpx-t0jpmesO-EH13mRqdZmnKHdFHrTLsXF-XQ_376BQL1vtjQfFSVOkPBCeHbrh5oiJN5IyGdTWQjTsXAILSYFVXvuI6NCoDOLzBeJcN0U:1u6SML:R9VlVVPFsakf-ZBDx7XZ-yJmjqcKl-cSRLarU-CSX98	2025-05-04 13:57:13.852962+03
626rkmt335u2zo2yz27v1umwq2tyqbtb	.eJxVjEEOwiAQRe_C2hAoMIMu3fcMZGBQqgaS0q6Md7dNutDtf-_9twi0LiWsPc9hYnERWpx-t0jpmesO-EH13mRqdZmnKHdFHrTLsXF-XQ_376BQL1vtjQfFSVOkPBCeHbrh5oiJN5IyGdTWQjTsXAILSYFVXvuI6NCoDOLzBeJcN0U:1uBbd3:SlmpUXacd_e1AsfVHv_PGLGP6a2H8yqZh3D-ZT2hM_M	2025-05-18 18:51:45.769814+03
4jt94xxa0dleom8pkg3ncjxqyfsh0c3q	.eJxVjEEOwiAQRe_C2hAoMIMu3fcMZGBQqgaS0q6Md7dNutDtf-_9twi0LiWsPc9hYnERWpx-t0jpmesO-EH13mRqdZmnKHdFHrTLsXF-XQ_376BQL1vtjQfFSVOkPBCeHbrh5oiJN5IyGdTWQjTsXAILSYFVXvuI6NCoDOLzBeJcN0U:1uBc4h:Gn9SAsf0SlfFNR72JCnLSCIRD8e5F6HJDyuXLvsvLfY	2025-05-18 19:20:19.21691+03
\.


--
-- TOC entry 4951 (class 0 OID 24737)
-- Dependencies: 242
-- Data for Name: my_budget_expense; Type: TABLE DATA; Schema: public; Owner: budgetbooss
--

COPY public.my_budget_expense (id, date, amount, category_id) FROM stdin;
6	2025-05-03	950.00	4
7	2025-05-03	600.00	5
8	2025-05-04	2500.00	6
9	2025-05-04	99.00	7
10	2025-05-04	150.00	8
\.


--
-- TOC entry 4945 (class 0 OID 24715)
-- Dependencies: 236
-- Data for Name: my_budget_expensecategory; Type: TABLE DATA; Schema: public; Owner: budgetbooss
--

COPY public.my_budget_expensecategory (id, name, created_at) FROM stdin;
4	Мясо	2025-05-04 21:29:27.45327+03
5	Фрукты	2025-05-04 21:29:27.45327+03
6	Посуда	2025-05-04 21:29:27.45327+03
7	Лимон	2025-05-04 21:29:27.45327+03
8	Зелень	2025-05-04 21:29:27.45327+03
\.


--
-- TOC entry 4953 (class 0 OID 24743)
-- Dependencies: 244
-- Data for Name: my_budget_income; Type: TABLE DATA; Schema: public; Owner: budgetbooss
--

COPY public.my_budget_income (id, date, amount, category_id) FROM stdin;
2	2025-05-03	25000.00	2
4	2025-05-04	700.00	5
5	2025-05-04	700.00	5
7	2025-05-04	75.00	10
8	2025-05-04	380.00	11
9	2025-05-05	3600.00	12
\.


--
-- TOC entry 4949 (class 0 OID 24731)
-- Dependencies: 240
-- Data for Name: my_budget_summary; Type: TABLE DATA; Schema: public; Owner: budgetbooss
--

COPY public.my_budget_summary (id, month, year, income, expense, balance, is_closed, initial_balance) FROM stdin;
5	3	2025	1000.00	400.00	600.00	f	1000.00
2	5	2025	30455.00	4299.00	26156.00	f	0.00
\.


--
-- TOC entry 4947 (class 0 OID 24723)
-- Dependencies: 238
-- Data for Name: personal_budget; Type: TABLE DATA; Schema: public; Owner: budgetbooss
--

COPY public.personal_budget (id, name, created_at) FROM stdin;
2	Зарплата	2025-05-04 21:29:27.501314+03
5	Колбаса	2025-05-04 21:29:27.501314+03
7	Лошадь	2025-05-04 21:29:27.501314+03
8	Лошадь	2025-05-04 21:29:27.501314+03
10	Чеснок	2025-05-04 21:29:27.501314+03
11	Сыр	2025-05-04 21:29:27.501314+03
12	Подработка	2025-05-05 03:27:50.988803+03
\.


--
-- TOC entry 4960 (class 0 OID 0)
-- Dependencies: 223
-- Name: auth_group_id_seq; Type: SEQUENCE SET; Schema: public; Owner: budgetbooss
--

SELECT pg_catalog.setval('public.auth_group_id_seq', 1, false);


--
-- TOC entry 4961 (class 0 OID 0)
-- Dependencies: 225
-- Name: auth_group_permissions_id_seq; Type: SEQUENCE SET; Schema: public; Owner: budgetbooss
--

SELECT pg_catalog.setval('public.auth_group_permissions_id_seq', 1, false);


--
-- TOC entry 4962 (class 0 OID 0)
-- Dependencies: 221
-- Name: auth_permission_id_seq; Type: SEQUENCE SET; Schema: public; Owner: budgetbooss
--

SELECT pg_catalog.setval('public.auth_permission_id_seq', 44, true);


--
-- TOC entry 4963 (class 0 OID 0)
-- Dependencies: 229
-- Name: auth_user_groups_id_seq; Type: SEQUENCE SET; Schema: public; Owner: budgetbooss
--

SELECT pg_catalog.setval('public.auth_user_groups_id_seq', 1, false);


--
-- TOC entry 4964 (class 0 OID 0)
-- Dependencies: 227
-- Name: auth_user_id_seq; Type: SEQUENCE SET; Schema: public; Owner: budgetbooss
--

SELECT pg_catalog.setval('public.auth_user_id_seq', 1, true);


--
-- TOC entry 4965 (class 0 OID 0)
-- Dependencies: 231
-- Name: auth_user_user_permissions_id_seq; Type: SEQUENCE SET; Schema: public; Owner: budgetbooss
--

SELECT pg_catalog.setval('public.auth_user_user_permissions_id_seq', 1, false);


--
-- TOC entry 4966 (class 0 OID 0)
-- Dependencies: 233
-- Name: django_admin_log_id_seq; Type: SEQUENCE SET; Schema: public; Owner: budgetbooss
--

SELECT pg_catalog.setval('public.django_admin_log_id_seq', 6, true);


--
-- TOC entry 4967 (class 0 OID 0)
-- Dependencies: 219
-- Name: django_content_type_id_seq; Type: SEQUENCE SET; Schema: public; Owner: budgetbooss
--

SELECT pg_catalog.setval('public.django_content_type_id_seq', 11, true);


--
-- TOC entry 4968 (class 0 OID 0)
-- Dependencies: 217
-- Name: django_migrations_id_seq; Type: SEQUENCE SET; Schema: public; Owner: budgetbooss
--

SELECT pg_catalog.setval('public.django_migrations_id_seq', 28, true);


--
-- TOC entry 4969 (class 0 OID 0)
-- Dependencies: 241
-- Name: my_budget_expense_id_seq; Type: SEQUENCE SET; Schema: public; Owner: budgetbooss
--

SELECT pg_catalog.setval('public.my_budget_expense_id_seq', 13, true);


--
-- TOC entry 4970 (class 0 OID 0)
-- Dependencies: 235
-- Name: my_budget_expensecategory_id_seq; Type: SEQUENCE SET; Schema: public; Owner: budgetbooss
--

SELECT pg_catalog.setval('public.my_budget_expensecategory_id_seq', 11, true);


--
-- TOC entry 4971 (class 0 OID 0)
-- Dependencies: 243
-- Name: my_budget_income_id_seq; Type: SEQUENCE SET; Schema: public; Owner: budgetbooss
--

SELECT pg_catalog.setval('public.my_budget_income_id_seq', 9, true);


--
-- TOC entry 4972 (class 0 OID 0)
-- Dependencies: 239
-- Name: my_budget_summary_id_seq; Type: SEQUENCE SET; Schema: public; Owner: budgetbooss
--

SELECT pg_catalog.setval('public.my_budget_summary_id_seq', 6, true);


--
-- TOC entry 4973 (class 0 OID 0)
-- Dependencies: 237
-- Name: personal_budget_id_seq; Type: SEQUENCE SET; Schema: public; Owner: budgetbooss
--

SELECT pg_catalog.setval('public.personal_budget_id_seq', 12, true);


--
-- TOC entry 4724 (class 2606 OID 24712)
-- Name: auth_group auth_group_name_key; Type: CONSTRAINT; Schema: public; Owner: budgetbooss
--

ALTER TABLE ONLY public.auth_group
    ADD CONSTRAINT auth_group_name_key UNIQUE (name);


--
-- TOC entry 4729 (class 2606 OID 24643)
-- Name: auth_group_permissions auth_group_permissions_group_id_permission_id_0cd325b0_uniq; Type: CONSTRAINT; Schema: public; Owner: budgetbooss
--

ALTER TABLE ONLY public.auth_group_permissions
    ADD CONSTRAINT auth_group_permissions_group_id_permission_id_0cd325b0_uniq UNIQUE (group_id, permission_id);


--
-- TOC entry 4732 (class 2606 OID 24612)
-- Name: auth_group_permissions auth_group_permissions_pkey; Type: CONSTRAINT; Schema: public; Owner: budgetbooss
--

ALTER TABLE ONLY public.auth_group_permissions
    ADD CONSTRAINT auth_group_permissions_pkey PRIMARY KEY (id);


--
-- TOC entry 4726 (class 2606 OID 24604)
-- Name: auth_group auth_group_pkey; Type: CONSTRAINT; Schema: public; Owner: budgetbooss
--

ALTER TABLE ONLY public.auth_group
    ADD CONSTRAINT auth_group_pkey PRIMARY KEY (id);


--
-- TOC entry 4719 (class 2606 OID 24634)
-- Name: auth_permission auth_permission_content_type_id_codename_01ab375a_uniq; Type: CONSTRAINT; Schema: public; Owner: budgetbooss
--

ALTER TABLE ONLY public.auth_permission
    ADD CONSTRAINT auth_permission_content_type_id_codename_01ab375a_uniq UNIQUE (content_type_id, codename);


--
-- TOC entry 4721 (class 2606 OID 24598)
-- Name: auth_permission auth_permission_pkey; Type: CONSTRAINT; Schema: public; Owner: budgetbooss
--

ALTER TABLE ONLY public.auth_permission
    ADD CONSTRAINT auth_permission_pkey PRIMARY KEY (id);


--
-- TOC entry 4740 (class 2606 OID 24626)
-- Name: auth_user_groups auth_user_groups_pkey; Type: CONSTRAINT; Schema: public; Owner: budgetbooss
--

ALTER TABLE ONLY public.auth_user_groups
    ADD CONSTRAINT auth_user_groups_pkey PRIMARY KEY (id);


--
-- TOC entry 4743 (class 2606 OID 24658)
-- Name: auth_user_groups auth_user_groups_user_id_group_id_94350c0c_uniq; Type: CONSTRAINT; Schema: public; Owner: budgetbooss
--

ALTER TABLE ONLY public.auth_user_groups
    ADD CONSTRAINT auth_user_groups_user_id_group_id_94350c0c_uniq UNIQUE (user_id, group_id);


--
-- TOC entry 4734 (class 2606 OID 24618)
-- Name: auth_user auth_user_pkey; Type: CONSTRAINT; Schema: public; Owner: budgetbooss
--

ALTER TABLE ONLY public.auth_user
    ADD CONSTRAINT auth_user_pkey PRIMARY KEY (id);


--
-- TOC entry 4746 (class 2606 OID 24632)
-- Name: auth_user_user_permissions auth_user_user_permissions_pkey; Type: CONSTRAINT; Schema: public; Owner: budgetbooss
--

ALTER TABLE ONLY public.auth_user_user_permissions
    ADD CONSTRAINT auth_user_user_permissions_pkey PRIMARY KEY (id);


--
-- TOC entry 4749 (class 2606 OID 24672)
-- Name: auth_user_user_permissions auth_user_user_permissions_user_id_permission_id_14a6b632_uniq; Type: CONSTRAINT; Schema: public; Owner: budgetbooss
--

ALTER TABLE ONLY public.auth_user_user_permissions
    ADD CONSTRAINT auth_user_user_permissions_user_id_permission_id_14a6b632_uniq UNIQUE (user_id, permission_id);


--
-- TOC entry 4737 (class 2606 OID 24707)
-- Name: auth_user auth_user_username_key; Type: CONSTRAINT; Schema: public; Owner: budgetbooss
--

ALTER TABLE ONLY public.auth_user
    ADD CONSTRAINT auth_user_username_key UNIQUE (username);


--
-- TOC entry 4752 (class 2606 OID 24693)
-- Name: django_admin_log django_admin_log_pkey; Type: CONSTRAINT; Schema: public; Owner: budgetbooss
--

ALTER TABLE ONLY public.django_admin_log
    ADD CONSTRAINT django_admin_log_pkey PRIMARY KEY (id);


--
-- TOC entry 4714 (class 2606 OID 24592)
-- Name: django_content_type django_content_type_app_label_model_76bd3d3b_uniq; Type: CONSTRAINT; Schema: public; Owner: budgetbooss
--

ALTER TABLE ONLY public.django_content_type
    ADD CONSTRAINT django_content_type_app_label_model_76bd3d3b_uniq UNIQUE (app_label, model);


--
-- TOC entry 4716 (class 2606 OID 24590)
-- Name: django_content_type django_content_type_pkey; Type: CONSTRAINT; Schema: public; Owner: budgetbooss
--

ALTER TABLE ONLY public.django_content_type
    ADD CONSTRAINT django_content_type_pkey PRIMARY KEY (id);


--
-- TOC entry 4712 (class 2606 OID 24584)
-- Name: django_migrations django_migrations_pkey; Type: CONSTRAINT; Schema: public; Owner: budgetbooss
--

ALTER TABLE ONLY public.django_migrations
    ADD CONSTRAINT django_migrations_pkey PRIMARY KEY (id);


--
-- TOC entry 4768 (class 2606 OID 24768)
-- Name: django_session django_session_pkey; Type: CONSTRAINT; Schema: public; Owner: budgetbooss
--

ALTER TABLE ONLY public.django_session
    ADD CONSTRAINT django_session_pkey PRIMARY KEY (session_key);


--
-- TOC entry 4762 (class 2606 OID 24741)
-- Name: my_budget_expense my_budget_expense_pkey; Type: CONSTRAINT; Schema: public; Owner: budgetbooss
--

ALTER TABLE ONLY public.my_budget_expense
    ADD CONSTRAINT my_budget_expense_pkey PRIMARY KEY (id);


--
-- TOC entry 4755 (class 2606 OID 24719)
-- Name: my_budget_expensecategory my_budget_expensecategory_pkey; Type: CONSTRAINT; Schema: public; Owner: budgetbooss
--

ALTER TABLE ONLY public.my_budget_expensecategory
    ADD CONSTRAINT my_budget_expensecategory_pkey PRIMARY KEY (id);


--
-- TOC entry 4765 (class 2606 OID 24747)
-- Name: my_budget_income my_budget_income_pkey; Type: CONSTRAINT; Schema: public; Owner: budgetbooss
--

ALTER TABLE ONLY public.my_budget_income
    ADD CONSTRAINT my_budget_income_pkey PRIMARY KEY (id);


--
-- TOC entry 4759 (class 2606 OID 24735)
-- Name: my_budget_summary my_budget_summary_pkey; Type: CONSTRAINT; Schema: public; Owner: budgetbooss
--

ALTER TABLE ONLY public.my_budget_summary
    ADD CONSTRAINT my_budget_summary_pkey PRIMARY KEY (id);


--
-- TOC entry 4757 (class 2606 OID 24727)
-- Name: personal_budget personal_budget_pkey; Type: CONSTRAINT; Schema: public; Owner: budgetbooss
--

ALTER TABLE ONLY public.personal_budget
    ADD CONSTRAINT personal_budget_pkey PRIMARY KEY (id);


--
-- TOC entry 4722 (class 1259 OID 24713)
-- Name: auth_group_name_a6ea08ec_like; Type: INDEX; Schema: public; Owner: budgetbooss
--

CREATE INDEX auth_group_name_a6ea08ec_like ON public.auth_group USING btree (name varchar_pattern_ops);


--
-- TOC entry 4727 (class 1259 OID 24654)
-- Name: auth_group_permissions_group_id_b120cbf9; Type: INDEX; Schema: public; Owner: budgetbooss
--

CREATE INDEX auth_group_permissions_group_id_b120cbf9 ON public.auth_group_permissions USING btree (group_id);


--
-- TOC entry 4730 (class 1259 OID 24655)
-- Name: auth_group_permissions_permission_id_84c5c92e; Type: INDEX; Schema: public; Owner: budgetbooss
--

CREATE INDEX auth_group_permissions_permission_id_84c5c92e ON public.auth_group_permissions USING btree (permission_id);


--
-- TOC entry 4717 (class 1259 OID 24640)
-- Name: auth_permission_content_type_id_2f476e4b; Type: INDEX; Schema: public; Owner: budgetbooss
--

CREATE INDEX auth_permission_content_type_id_2f476e4b ON public.auth_permission USING btree (content_type_id);


--
-- TOC entry 4738 (class 1259 OID 24670)
-- Name: auth_user_groups_group_id_97559544; Type: INDEX; Schema: public; Owner: budgetbooss
--

CREATE INDEX auth_user_groups_group_id_97559544 ON public.auth_user_groups USING btree (group_id);


--
-- TOC entry 4741 (class 1259 OID 24669)
-- Name: auth_user_groups_user_id_6a12ed8b; Type: INDEX; Schema: public; Owner: budgetbooss
--

CREATE INDEX auth_user_groups_user_id_6a12ed8b ON public.auth_user_groups USING btree (user_id);


--
-- TOC entry 4744 (class 1259 OID 24684)
-- Name: auth_user_user_permissions_permission_id_1fbb5f2c; Type: INDEX; Schema: public; Owner: budgetbooss
--

CREATE INDEX auth_user_user_permissions_permission_id_1fbb5f2c ON public.auth_user_user_permissions USING btree (permission_id);


--
-- TOC entry 4747 (class 1259 OID 24683)
-- Name: auth_user_user_permissions_user_id_a95ead1b; Type: INDEX; Schema: public; Owner: budgetbooss
--

CREATE INDEX auth_user_user_permissions_user_id_a95ead1b ON public.auth_user_user_permissions USING btree (user_id);


--
-- TOC entry 4735 (class 1259 OID 24708)
-- Name: auth_user_username_6821ab7c_like; Type: INDEX; Schema: public; Owner: budgetbooss
--

CREATE INDEX auth_user_username_6821ab7c_like ON public.auth_user USING btree (username varchar_pattern_ops);


--
-- TOC entry 4750 (class 1259 OID 24704)
-- Name: django_admin_log_content_type_id_c4bce8eb; Type: INDEX; Schema: public; Owner: budgetbooss
--

CREATE INDEX django_admin_log_content_type_id_c4bce8eb ON public.django_admin_log USING btree (content_type_id);


--
-- TOC entry 4753 (class 1259 OID 24705)
-- Name: django_admin_log_user_id_c564eba6; Type: INDEX; Schema: public; Owner: budgetbooss
--

CREATE INDEX django_admin_log_user_id_c564eba6 ON public.django_admin_log USING btree (user_id);


--
-- TOC entry 4766 (class 1259 OID 24770)
-- Name: django_session_expire_date_a5c62663; Type: INDEX; Schema: public; Owner: budgetbooss
--

CREATE INDEX django_session_expire_date_a5c62663 ON public.django_session USING btree (expire_date);


--
-- TOC entry 4769 (class 1259 OID 24769)
-- Name: django_session_session_key_c0390e0f_like; Type: INDEX; Schema: public; Owner: budgetbooss
--

CREATE INDEX django_session_session_key_c0390e0f_like ON public.django_session USING btree (session_key varchar_pattern_ops);


--
-- TOC entry 4760 (class 1259 OID 24755)
-- Name: my_budget_expense_category_id_2cd9b089; Type: INDEX; Schema: public; Owner: budgetbooss
--

CREATE INDEX my_budget_expense_category_id_2cd9b089 ON public.my_budget_expense USING btree (category_id);


--
-- TOC entry 4763 (class 1259 OID 24761)
-- Name: my_budget_income_category_id_5e399b62; Type: INDEX; Schema: public; Owner: budgetbooss
--

CREATE INDEX my_budget_income_category_id_5e399b62 ON public.my_budget_income USING btree (category_id);


--
-- TOC entry 4771 (class 2606 OID 24649)
-- Name: auth_group_permissions auth_group_permissio_permission_id_84c5c92e_fk_auth_perm; Type: FK CONSTRAINT; Schema: public; Owner: budgetbooss
--

ALTER TABLE ONLY public.auth_group_permissions
    ADD CONSTRAINT auth_group_permissio_permission_id_84c5c92e_fk_auth_perm FOREIGN KEY (permission_id) REFERENCES public.auth_permission(id) DEFERRABLE INITIALLY DEFERRED;


--
-- TOC entry 4772 (class 2606 OID 24644)
-- Name: auth_group_permissions auth_group_permissions_group_id_b120cbf9_fk_auth_group_id; Type: FK CONSTRAINT; Schema: public; Owner: budgetbooss
--

ALTER TABLE ONLY public.auth_group_permissions
    ADD CONSTRAINT auth_group_permissions_group_id_b120cbf9_fk_auth_group_id FOREIGN KEY (group_id) REFERENCES public.auth_group(id) DEFERRABLE INITIALLY DEFERRED;


--
-- TOC entry 4770 (class 2606 OID 24635)
-- Name: auth_permission auth_permission_content_type_id_2f476e4b_fk_django_co; Type: FK CONSTRAINT; Schema: public; Owner: budgetbooss
--

ALTER TABLE ONLY public.auth_permission
    ADD CONSTRAINT auth_permission_content_type_id_2f476e4b_fk_django_co FOREIGN KEY (content_type_id) REFERENCES public.django_content_type(id) DEFERRABLE INITIALLY DEFERRED;


--
-- TOC entry 4773 (class 2606 OID 24664)
-- Name: auth_user_groups auth_user_groups_group_id_97559544_fk_auth_group_id; Type: FK CONSTRAINT; Schema: public; Owner: budgetbooss
--

ALTER TABLE ONLY public.auth_user_groups
    ADD CONSTRAINT auth_user_groups_group_id_97559544_fk_auth_group_id FOREIGN KEY (group_id) REFERENCES public.auth_group(id) DEFERRABLE INITIALLY DEFERRED;


--
-- TOC entry 4774 (class 2606 OID 24659)
-- Name: auth_user_groups auth_user_groups_user_id_6a12ed8b_fk_auth_user_id; Type: FK CONSTRAINT; Schema: public; Owner: budgetbooss
--

ALTER TABLE ONLY public.auth_user_groups
    ADD CONSTRAINT auth_user_groups_user_id_6a12ed8b_fk_auth_user_id FOREIGN KEY (user_id) REFERENCES public.auth_user(id) DEFERRABLE INITIALLY DEFERRED;


--
-- TOC entry 4775 (class 2606 OID 24678)
-- Name: auth_user_user_permissions auth_user_user_permi_permission_id_1fbb5f2c_fk_auth_perm; Type: FK CONSTRAINT; Schema: public; Owner: budgetbooss
--

ALTER TABLE ONLY public.auth_user_user_permissions
    ADD CONSTRAINT auth_user_user_permi_permission_id_1fbb5f2c_fk_auth_perm FOREIGN KEY (permission_id) REFERENCES public.auth_permission(id) DEFERRABLE INITIALLY DEFERRED;


--
-- TOC entry 4776 (class 2606 OID 24673)
-- Name: auth_user_user_permissions auth_user_user_permissions_user_id_a95ead1b_fk_auth_user_id; Type: FK CONSTRAINT; Schema: public; Owner: budgetbooss
--

ALTER TABLE ONLY public.auth_user_user_permissions
    ADD CONSTRAINT auth_user_user_permissions_user_id_a95ead1b_fk_auth_user_id FOREIGN KEY (user_id) REFERENCES public.auth_user(id) DEFERRABLE INITIALLY DEFERRED;


--
-- TOC entry 4777 (class 2606 OID 24694)
-- Name: django_admin_log django_admin_log_content_type_id_c4bce8eb_fk_django_co; Type: FK CONSTRAINT; Schema: public; Owner: budgetbooss
--

ALTER TABLE ONLY public.django_admin_log
    ADD CONSTRAINT django_admin_log_content_type_id_c4bce8eb_fk_django_co FOREIGN KEY (content_type_id) REFERENCES public.django_content_type(id) DEFERRABLE INITIALLY DEFERRED;


--
-- TOC entry 4778 (class 2606 OID 24699)
-- Name: django_admin_log django_admin_log_user_id_c564eba6_fk_auth_user_id; Type: FK CONSTRAINT; Schema: public; Owner: budgetbooss
--

ALTER TABLE ONLY public.django_admin_log
    ADD CONSTRAINT django_admin_log_user_id_c564eba6_fk_auth_user_id FOREIGN KEY (user_id) REFERENCES public.auth_user(id) DEFERRABLE INITIALLY DEFERRED;


--
-- TOC entry 4779 (class 2606 OID 24750)
-- Name: my_budget_expense my_budget_expense_category_id_2cd9b089_fk_my_budget; Type: FK CONSTRAINT; Schema: public; Owner: budgetbooss
--

ALTER TABLE ONLY public.my_budget_expense
    ADD CONSTRAINT my_budget_expense_category_id_2cd9b089_fk_my_budget FOREIGN KEY (category_id) REFERENCES public.my_budget_expensecategory(id) DEFERRABLE INITIALLY DEFERRED;


--
-- TOC entry 4780 (class 2606 OID 24756)
-- Name: my_budget_income my_budget_income_category_id_5e399b62_fk_personal_budget_id; Type: FK CONSTRAINT; Schema: public; Owner: budgetbooss
--

ALTER TABLE ONLY public.my_budget_income
    ADD CONSTRAINT my_budget_income_category_id_5e399b62_fk_personal_budget_id FOREIGN KEY (category_id) REFERENCES public.personal_budget(id) DEFERRABLE INITIALLY DEFERRED;


-- Completed on 2025-05-10 22:35:40

--
-- PostgreSQL database dump complete
--

